﻿매장명,주소명,위도,경도,시도명,시군구명
역삼아레나빌딩,서울특별시 강남구 언주로 425 (역삼동),37.501087,127.04306899999999,서울특별시,강남구
논현역사거리,서울특별시 강남구 강남대로 538 (논현동),37.510178,127.022223,서울특별시,강남구
신사역성일빌딩,서울특별시 강남구 강남대로 584 (논현동),37.514132000000004,127.020563,서울특별시,강남구
국기원사거리,서울특별시 강남구 테헤란로 125 (역삼동),37.499517,127.03149499999999,서울특별시,강남구
스탈릿대치R,서울특별시 강남구 남부순환로 2947 (대치동),37.494668,127.062583,서울특별시,강남구
봉은사역,서울특별시 강남구 봉은사로 619 (삼성동),37.515,127.06319599999999,서울특별시,강남구
압구정윤성빌딩,서울특별시 강남구 논현로 834 (신사동),37.5227934,127.02860090000001,서울특별시,강남구
코엑스별마당,서울특별시 강남구 영동대로 513 (삼성동),37.51015,127.060275,서울특별시,강남구
삼성역섬유센터R,서울특별시 강남구 테헤란로 518 (대치동),37.50775,127.06065100000001,서울특별시,강남구
압구정R,서울특별시 강남구 언주로 861 (신사동),37.5273669,127.033061,서울특별시,강남구
수서역R,서울특별시 강남구 광평로 281 (수서동),37.488008,127.10265,서울특별시,강남구
양재강남빌딩R,서울특별시 강남구 남부순환로 2621 (도곡동),37.485192,127.036685,서울특별시,강남구
선릉동신빌딩R,서울특별시 강남구 테헤란로 409 (삼성동),37.505321,127.050409,서울특별시,강남구
봉은사로선정릉,서울특별시 강남구 봉은사로 446 (삼성동),37.511293,127.048409,서울특별시,강남구
강남오거리,서울특별시 강남구 봉은사로2길 39 (역삼동),37.502117,127.02667199999999,서울특별시,강남구
스타필드코엑스몰R,서울특별시 강남구 영동대로 513 (삼성동) 코엑스 A106호,37.50999,127.06145500000001,서울특별시,강남구
강남구청정문,서울특별시 강남구 학동로 419 (청담동),37.518181,127.04599499999999,서울특별시,강남구
도곡공원,서울특별시 강남구 도곡로 205 (역삼동),37.492805,127.04130900000001,서울특별시,강남구
강남R,서울특별시 강남구 강남대로 390 (역삼동),37.497710999999995,127.02843899999999,서울특별시,강남구
대치은마사거리,서울특별시 강남구 도곡로 457 (대치동),37.498973,127.060172,서울특별시,강남구
청담영동대로,서울특별시 강남구 영동대로 720 (청담동),37.522156,127.056449,서울특별시,강남구
압구정,서울특별시 강남구 압구정로30길 17 (신사동),37.526283,127.02956,서울특별시,강남구
신사가로수,서울특별시 강남구 가로수길 59 ,37.521852,127.02251000000001,서울특별시,강남구
청담스타R,서울특별시 강남구 도산대로57길 24 (청담동),37.525216,127.041827,서울특별시,강남구
강남우성,서울특별시 강남구 강남대로 328 (역삼동),37.492396,127.03091,서울특별시,강남구
학동사거리,서울특별시 강남구 도산대로 328 (논현동),37.52236449999999,127.03795430000002,서울특별시,강남구
대치사거리,서울특별시 강남구 삼성로 402 (대치동),37.503331,127.05881699999999,서울특별시,강남구
포스코사거리,서울특별시 강남구 테헤란로 505 (삼성동) 화진빌딩,37.507530700000004,127.05742710000004,서울특별시,강남구
을지병원사거리,"서울특별시 강남구 논현로 752 (논현동,구산빌딩)",37.5191632,127.02864459999999,서울특별시,강남구
신사역,서울특별시 강남구 도산대로 108 (논현동) 렉스타워,37.5162021,127.02074280000001,서울특별시,강남구
도곡역,서울특별시 강남구 남부순환로 2909 (대치동),37.492166999999995,127.05739799999999,서울특별시,강남구
서울세관사거리,서울특별시 강남구 언주로 650 (논현동) 한국건설기술인협회,37.514887,127.035653,서울특별시,강남구
청담사거리,서울특별시 강남구 도산대로 458 (청담동) 리츠타워,37.5236351,127.0468651,서울특별시,강남구
한티역,"서울특별시 강남구 도곡로 408, 디마크빌딩 101호 (대치동)",37.496801,127.05505500000001,서울특별시,강남구
역삼초교사거리,서울특별시 강남구 역삼로 123 (역삼동),37.4941059,127.03299730000003,서울특별시,강남구
코엑스몰,서울특별시 강남구 영동대로 513 (삼성동) 코엑스 O103호,37.513715000000005,127.05924499999999,서울특별시,강남구
가로수길,"서울특별시 강남구 논현로175길 94, 1~2층 (신사동)",37.523159299999996,127.02162499999996,서울특별시,강남구
역삼대로,"서울특별시 강남구 테헤란로 211, 한국고등교육재단빌딩 1층 (역삼동)",37.501622999999995,127.039375,서울특별시,강남구
역삼포스코,"서울특별시 강남구 테헤란로 134, P&S TOWER (역삼동)",37.499721,127.03358200000001,서울특별시,강남구
강남대로,"서울특별시 강남구 강남대로 456, 한석타워 2층 1-2호 (역삼동)",37.50314,127.02554599999999,서울특별시,강남구
청담,"서울특별시 강남구 도산대로 532, 인희빌딩 1층 (청담동)",37.5243631,127.05155990000004,서울특별시,강남구
삼성도심공항,서울특별시 강남구 테헤란로87길 33 (삼성동),37.509786299999995,127.05791339999996,서울특별시,강남구
삼성교,"서울특별시 강남구 영동대로86길 12, 동남유화빌딩 1층",37.507794,127.06517,서울특별시,강남구
학동역,서울특별시 강남구 논현로 704 (논현동),37.51464884,127.03073020000001,서울특별시,강남구
대치,서울특별시 강남구 도곡로 511 (대치동),37.49966175,127.06221709999998,서울특별시,강남구
기술센터,"서울특별시 강남구 테헤란로 305, 한국기술센터 1층 (역삼동)",37.50329211,127.0436409,서울특별시,강남구
SSG마켓도곡R,"서울특별시 강남구 언주로30길 57, 타워팰리스Ⅱ F 지하1층 (도곡동)",37.490297999999996,127.054895,서울특별시,강남구
삼성,"서울특별시 강남구 테헤란로 443, 애플트리타워 1층 (삼성동)",37.50703529,127.05555030000001,서울특별시,강남구
선릉세화빌딩,"서울특별시 강남구 테헤란로64길 18, 세화빌딩 1층 (대치동)",37.50377562,127.05119599999999,서울특별시,강남구
압구정역,"서울특별시 강남구 압구정로 170, 관영빌딩 1층 지하1층 (신사동)",37.52674095,127.0281105,서울특별시,강남구
압구정로,서울특별시 강남구 압구정로42길 32 (신사동),37.52680046,127.0347174,서울특별시,강남구
구역삼사거리,서울특별시 강남구 논현로 401 (역삼동),37.49592355,127.0388645,서울특별시,강남구
큰길타워,"서울특별시 강남구 테헤란로 223, 큰길타워빌딩 (역삼동)",37.50236693,127.0407,서울특별시,강남구
강남구청역,"서울특별시 강남구 선릉로 669, 웰빙센터 1층 (논현동)",37.5165849,127.04124330000002,서울특별시,강남구
대치역,"서울특별시 강남구 남부순환로 2936, 원플러스 상가107호 (대치동)",37.493553999999996,127.061874,서울특별시,강남구
포이,서울특별시 강남구 논현로 88 (개포동),37.47781106,127.04514109999998,서울특별시,강남구
아크플레이스,서울특별시 강남구 테헤란로 142 (역삼동),37.49971982,127.0349084,서울특별시,강남구
학여울역,서울특별시 강남구 영동대로 215 (대치동),37.49803646,127.0684943,서울특별시,강남구
선정릉역,서울특별시 강남구 봉은사로 407 (삼성동) 에프오빌딩,37.51075489999999,127.04455970000004,서울특별시,강남구
삼성현대힐,서울특별시 강남구 삼성로 605 (삼성동),37.51354184,127.0527183,서울특별시,강남구
GS타워,서울특별시 강남구 논현로 508 (역삼동),37.5018592,127.03727759999992,서울특별시,강남구
압구정미소,서울특별시 강남구 논현로 841 (신사동),37.52405601,127.027915,서울특별시,강남구
선릉역,"서울특별시 강남구 테헤란로 334, LG화재 빌딩 (역삼동)",37.50393894,127.0485135,서울특별시,강남구
수서,서울특별시 강남구 밤고개로1길 10 (수서동) 수서현대벤쳐빌 지하2층,37.48801132,127.10175079999999,서울특별시,강남구
코엑스사거리,서울특별시 강남구 영동대로 616 (삼성동),37.515351,127.06010900000001,서울특별시,강남구
역삼럭키,서울특별시 강남구 도곡로 183 (역삼동),37.492209,127.03938899999999,서울특별시,강남구
차병원사거리,"서울특별시 강남구 봉은사로 213, 센트럴타워 (논현동)",37.508032,127.03537299999999,서울특별시,강남구
청담공원,서울특별시 강남구 학동로 506 (삼성동),37.5186549,127.05143870000006,서울특별시,강남구
신압구정,서울특별시 강남구 언주로174길 29 (신사동),37.528115,127.036441,서울특별시,강남구
아크로힐스논현,"서울특별시 강남구 봉은사로 304, 금강빌딩 1-2층 (역삼동)",37.50898041,127.0403869,서울특별시,강남구
뱅뱅사거리,서울특별시 강남구 강남대로 282 (도곡동),37.488585,127.03241499999999,서울특별시,강남구
강남비젼타워,"서울특별시 강남구 테헤란로2길 27, 1층 101호 (역삼동)",37.496455700000006,127.02968850000002,서울특별시,강남구
역삼역,"서울특별시 강남구 테헤란로 145, 우신빌딩 1층 (역삼동)",37.50080096,127.0351577,서울특별시,강남구
압구정로데오역,"서울특별시 강남구 선릉로 836, 삼원빌딩 1,2층 (청담동)",37.526548999999996,127.04043700000001,서울특별시,강남구
르네상스사거리,서울특별시 강남구 테헤란로 306 (역삼동),37.502721,127.044308,서울특별시,강남구
포스코,"서울특별시 강남구 삼성로86길 7, 1층 (대치동)",37.505759999999995,127.057966,서울특별시,강남구
선릉로,"서울특별시 강남구 선릉로93길 22, 대흥빌딩 1층 (역삼동)",37.505053000000004,127.046577,서울특별시,강남구
논현힐탑,서울특별시 강남구 논현로 648 (논현동),37.511557700000004,127.03226199999995,서울특별시,강남구
도산가로수길,"서울특별시 강남구 도산대로 134, 2층 (논현동)",37.51736229999999,127.02329570000006,서울특별시,강남구
코엑스아셈타워,서울특별시 강남구 영동대로 517 (삼성동),37.513019,127.05983799999998,서울특별시,강남구
대치삼성프라자,서울특별시 강남구 영동대로 237 (대치동),37.500313,127.066961,서울특별시,강남구
미아뉴타운,서울특별시 강북구 삼양로 161 (미아동),37.618319,127.021072,서울특별시,강북구
강북구청사거리,서울특별시 강북구 도봉로 365 (수유동),37.6400354,127.02737659999998,서울특별시,강북구
미아사거리역,서울특별시 강북구 도봉로 32 (미아동),37.611809,127.03069709999998,서울특별시,강북구
수유역,서울특별시 강북구 도봉로 342 (번동),37.6380167,127.02613500000008,서울특별시,강북구
미아역,서울특별시 강북구 도봉로 196 (미아동),37.626148,127.026578,서울특별시,강북구
발산역사거리,서울특별시 강서구 공항대로 248 (마곡동),37.558509,126.835096,서울특별시,강서구
마곡역,서울특별시 강서구 공항대로 168 (마곡동),37.559611,126.826298,서울특별시,강서구
우장산역,서울특별시 강서구 강서로 267 (내발산동),37.549501,126.83598400000001,서울특별시,강서구
마곡사이언스타워R,서울특별시 강서구 마곡동로 62 (마곡동),37.5605261,126.833887,서울특별시,강서구
방화DT,서울특별시 강서구 방화대로 375 (방화동),37.574339,126.81641499999999,서울특별시,강서구
마곡나루역,서울특별시 강서구 마곡중앙로 161-17 (마곡동),37.56813,126.82614,서울특별시,강서구
마곡GMG,"서울특별시 강서구 마곡중앙6로 16 (마곡동) 117,118,119,120호",37.560487,126.82966699999999,서울특별시,강서구
가양역,서울특별시 강서구 양천로 476 (등촌동),37.561640000000004,126.85332700000001,서울특별시,강서구
화곡DT,서울특별시 강서구 등촌로 57 (화곡동),37.535149,126.86323200000001,서울특별시,강서구
양천향교역,서울특별시 강서구 강서로 463 (마곡동),37.566964,126.840731,서울특별시,강서구
화곡동,서울특별시 강서구 화곡로 142(화곡동),37.5405115,126.83724129999999,서울특별시,강서구
등촌,서울특별시 강서구 공항대로 329 (등촌동),37.55820429999999,126.84433919999992,서울특별시,강서구
염창역,서울특별시 강서구 공항대로 627 (염창동),37.547359,126.87443600000002,서울특별시,강서구
발산역,서울특별시 강서구 강서로 388 (등촌동) 그랜드마트,37.56033,126.839279,서울특별시,강서구
가양이마트,"서울특별시 강서구 양천로 559, 가양이마트 1층 (가양동)",37.5578966,126.86229779999996,서울특별시,강서구
까치산역,서울특별시 강서구 강서로13길 3 (화곡동),37.532303000000006,126.84607700000001,서울특별시,강서구
낙성대역,서울특별시 관악구 남부순환로 1908 (봉천동),37.477946,126.961193,서울특별시,관악구
관악서울대입구R,서울특별시 관악구 관악로 158 (봉천동),37.479343,126.95278,서울특별시,관악구
신림DT,서울특별시 관악구 남부순환로 1419 (신림동),37.480934999999995,126.90840700000001,서울특별시,관악구
서울대역,서울특별시 관악구 남부순환로 1817 (봉천동),37.481598999999996,126.9522,서울특별시,관악구
낙성대DT,서울특별시 관악구 남부순환로 1948 (봉천동),37.476169,126.965005,서울특별시,관악구
사당,서울특별시 관악구 남부순환로 2082-25,37.476009999999995,126.980997,서울특별시,관악구
보라매대교,"서울특별시 관악구 보라매로3길 23, 대교빌딩 1층 (봉천동)",37.491448999999996,126.925432,서울특별시,관악구
신림사거리,서울특별시 관악구 남부순환로 1619 (신림동),37.484768,126.930467,서울특별시,관악구
신림,서울특별시 관악구 신림로 355-1 (신림동),37.48609493,126.9291602,서울특별시,관악구
신림역포도몰,"서울특별시 관악구 신림로 330, PODO MALL 1층 101 일부 (신림동)",37.48385383,126.93017990000001,서울특별시,관악구
서울대입구역,서울특별시 관악구 남부순환로 1812 (봉천동),37.48118,126.951324,서울특별시,관악구
건국대,서울특별시 광진구 능동로 117 (화양동),37.5415592,127.07112439999999,서울특별시,광진구
어린이대공원역,서울특별시 광진구 능동로243 ,37.551946,127.07640400000001,서울특별시,광진구
아차산역,서울특별시 광진구 천호대로 676 ,37.5505388,127.0898757,서울특별시,광진구
올림픽대교북단,서울특별시 광진구 광나루로 608 (구의동),37.541129,127.09523999999999,서울특별시,광진구
구의DT,서울특별시 광진구 광나루로 519 (구의동),37.5451984,127.0871587,서울특별시,광진구
자양사거리,서울특별시 광진구 아차산로 355,37.5371158,127.0825821,서울특별시,광진구
군자역,서울특별시 광진구 천호대로 548 (군자동) 중앙빌딩,37.556965000000005,127.07903200000001,서울특별시,광진구
광나루,"서울특별시 광진구 아차산로 607, 1,2층 (광장동)",37.547442,127.105934,서울특별시,광진구
건대스타시티,서울특별시 광진구 아차산로 262 (자양동),37.538544,127.07300900000001,서울특별시,광진구
자양,서울특별시 광진구 능동로 50 (자양동),37.5354769,127.06914619999998,서울특별시,광진구
강변역,서울특별시 광진구 구의강변로 64 (구의동) 구의아크로리버,37.536155,127.09308600000001,서울특별시,광진구
건대입구,서울특별시 광진구 능동로 107 (화양동),37.5406604,127.0707225,서울특별시,광진구
구의역,서울특별시 광진구 아차산로 373 (구의동),37.53698,127.084015,서울특별시,광진구
광장,서울특별시 광진구 아차산로 537-17 (광장동),37.542518,127.099651,서울특별시,광진구
건국클래식,서울특별시 광진구 능동로 90 (자양동) 더 클래식500,37.538466,127.071271,서울특별시,광진구
자양이마트,서울시 광진구 아차산로 272 스타시티 지하1층 일부,37.537817,127.072597,서울특별시,광진구
금천구청역,"서울특별시 금천구 시흥대로73길 67 엠타워 112,113,114,115호",37.455983,126.89572700000001,서울특별시,금천구
가산에스케이,서울특별시 금천구 가산디지털1로 171 (가산동),37.48061318,126.88057020000001,서울특별시,금천구
독산사거리,서울특별시 금천구 시흥대로 426 (독산동),37.471511,126.898775,서울특별시,금천구
금천시흥,서울특별시 금천구 시흥대로 164 (시흥동),37.448624,126.90318300000001,서울특별시,금천구
가산디지털단지역,서울특별시 금천구 벚꽃로 298 (가산동),37.481324,126.883779,서울특별시,금천구
금천독산,서울특별시 금천구 두산로 70 (독산동),37.46914,126.895246,서울특별시,금천구
가산디지털,서울특별시 금천구 가산디지털1로 168 (가산동),37.479834600000004,126.88249969999993,서울특별시,금천구
W-Mall,서울특별시 금천구 디지털로 188 (가산동),37.47730499,126.8876908,서울특별시,금천구
마리오아울렛,서울특별시 금천구 벚꽃로 266 마리오아울렛3관,37.478701,126.885076,서울특별시,금천구
가산브이타워,서울특별시 금천구 가산디지털1로 128 (가산동),37.477221,126.883683,서울특별시,금천구
가산그레이트,"서울특별시 금천구 디지털로9길 32, 갑을그레이트밸리 1층 (가산동)",37.479449100000004,126.88747680000006,서울특별시,금천구
월계역,"서울특별시 노원구 초안산로2라길26 월계동(104,105,106호)",37.6295,127.0574,서울특별시,노원구
월계트레이더스,서울특별시 노원구 마들로3길 15 ,37.627705299999995,127.06149779999998,서울특별시,노원구
상계초교사거리,서울특별시 노원구 노원로 449 ,37.656776,127.066442,서울특별시,노원구
공릉DT,서울특별시 노원구 동일로 1015 (공릉동),37.6206884,127.07431159999999,서울특별시,노원구
노원마들역,"서울특별시 노원구 노원로 569 (상계동, 임광아파트)",37.660940999999994,127.058008,서울특별시,노원구
공릉역,서울특별시 노원구 동일로 1081 (공릉동),37.626337,127.072252,서울특별시,노원구
은행사거리,"서울특별시 노원구 중계로 217, 중흥빌딩 103,203호 (중계동)",37.65048737,127.07598610000001,서울특별시,노원구
노원KT,"서울특별시 노원구 노해로 502, (주)KT 노원사옥 (상계동)",37.654562,127.063617,서울특별시,노원구
광운대,서울특별시 노원구 석계로 104 (월계동),37.6231479,127.06070090000004,서울특별시,노원구
중계역,"서울특별시 노원구 동일로 1339, 대한빌딩 (상계동)",37.64817,127.06224399999999,서울특별시,노원구
노원역,"서울특별시 노원구 동일로 1413, 1층 (상계동)",37.654751,127.060034,서울특별시,노원구
월계이마트,서울특별시 노원구 마들로3길 15 (월계동),37.627155,127.06209399999999,서울특별시,노원구
창동이마트,서울특별시 도봉구 노해로65길 4 (창동),37.651645,127.046869,서울특별시,도봉구
쌍문역,서울특별시 도봉구 도봉로 480 (창동),37.648456,127.034783,서울특별시,도봉구
노량진동,"서울특별시 동작구 노량진로 190 (노량진동, 고려교육타워-어바니엘한강) 101호~105호",37.513068,126.946537,서울특별시,동작구
남성역,서울특별시 동작구 사당로 219 (사당동),37.484119799999995,126.9725739,서울특별시,동작구
상도역,서울특별시 동작구 상도로37길 1 (상도1동),37.503193599999996,126.9484581,서울특별시,동작구
보라매공원R,"서울특별시 동작구 보라매로5길 35 (신대방동, 파크스퀘어,보라매현대APT)",37.49226212712864,126.92334570798292,서울특별시,동작구
이수자이,서울특별시 동작구 사당로 300 (사당동 이수자이),37.484414,126.980047,서울특별시,동작구
노량진역,서울특별시 동작구 노량진로 134 (노량진동),37.51339,126.94087900000001,서울특별시,동작구
신대방삼거리역,서울특별시 동작구 상도로 102 (상도동),37.499914000000004,126.931766,서울특별시,동작구
중앙대,서울특별시 동작구 흑석로 75-1 (흑석동),37.506933000000004,126.958125,서울특별시,동작구
숭실대입구역,서울특별시 동작구 상도로 354 (상도동),37.4968346,126.95271230000004,서울특별시,동작구
숭실대,서울특별시 동작구 사당로 4 (상도동),37.49538073,126.95488909999999,서울특별시,동작구
사당역,"서울특별시 동작구 동작대로 21, 양지빌딩 1-3층 (사당동)",37.47849216,126.9813456,서울특별시,동작구
서강대프라자,서울특별시 마포구 백범로 35 (신수동),37.551072999999995,126.943096,서울특별시,마포구
상암YTN,서울특별시 마포구 상암산로 76 (상암동),37.579183,126.892315,서울특별시,마포구
마포용강동,서울특별시 마포구 토정로 295 (용강동),37.541185999999996,126.942209,서울특별시,마포구
홍대입구역사거리R,서울특별시 마포구 양화로 125 (서교동),37.554636,126.92036,서울특별시,마포구
마포경찰서후문,서울특별시 마포구 마포대로 173-14 (아현동),37.5508,126.953432,서울특별시,마포구
공덕,서울특별시 마포구 마포대로 130 (공덕동),37.545913,126.952956,서울특별시,마포구
합정폴리스R,"서울특별시 마포구 양화로 45 (서교동, 메세나폴리스)",37.5509,126.9134,서울특별시,마포구
홍대공항철도역,서울특별시 마포구 양화로 178 (동교동),37.557491,126.925146,서울특별시,마포구
마포염리,서울특별시 마포구 독막로 311 (염리동),37.543876000000004,126.94768,서울특별시,마포구
서강광흥창역,서울특별시 마포구 서강로 69 (창전동),37.549377,126.931661,서울특별시,마포구
합정,"서울특별시 마포구 월드컵로1길 14 (합정동) 마포한강푸르지오 110, 111, 112-2",37.54963,126.912999,서울특별시,마포구
서강대흥역,서울특별시 마포구 백범로 89-5 (대흥동),37.548178,126.941576,서울특별시,마포구
서교동사거리,서울특별시 마포구 양화로 105 (서교동),37.553376,126.91856399999999,서울특별시,마포구
상암사보이시티,서울특별시 마포구 월드컵북로54길 17 (상암동),37.58147,126.88898300000001,서울특별시,마포구
신촌오거리,서울특별시 마포구 신촌로16길 10 (노고산동),37.555137,126.934694,서울특별시,마포구
상암디지털큐브,서울특별시 마포구 상암산로 34,37.5763132,126.8892477,서울특별시,마포구
상수역,서울특별시 마포구 독막로 88 (상수동),37.547481700000006,126.92321579999998,서울특별시,마포구
공덕오거리,서울특별시 마포구 마포대로 86 (도화동) 창강빌딩,37.542464100000004,126.95057730000008,서울특별시,마포구
서교,서울특별시 마포구 양화로 78 (서교동) 서교빌딩 1층,37.551384999999996,126.91692079999999,서울특별시,마포구
서강대,서울특별시 마포구 백범로 23 (신수동),37.5524584,126.9378262,서울특별시,마포구
상암MBC,서울특별시 마포구 성암로 267 (상암동),37.581297,126.89090800000001,서울특별시,마포구
홍대역,"서울특별시 마포구 양화로 165, 상진빌딩 1층 (동교동)",37.557175,126.923654,서울특별시,마포구
동교,"서울특별시 마포구 월드컵북로 22, 영준빌딩 1층 (동교동)",37.556928000000006,126.91981899999999,서울특별시,마포구
애오개역,"서울특별시 마포구 마포대로 201, 마포트라팰리스II (아현동)",37.55218737,126.9555203,서울특별시,마포구
홍대갤러리,"서울특별시 마포구 와우산로 101, 정명빌딩 (서교동)",37.55328184,126.92482790000001,서울특별시,마포구
상암DMC,"서울특별시 마포구 월드컵북로 375, DMC이안오피스텔1단지 102호,202호 (상암동)",37.577622999999996,126.89068400000001,서울특별시,마포구
마포일진빌딩,"서울특별시 마포구 마포대로 45, 일진빌딩 1층 (도화동)",37.54043451,126.9463168,서울특별시,마포구
마포아크로,서울특별시 마포구 마포대로 68 (도화동) 마포아크로타워,37.54145556,126.948819,서울특별시,마포구
홍대삼거리,서울특별시 마포구 와우산로 64 (상수동),37.550266,126.923179,서울특별시,마포구
망원역,서울특별시 마포구 월드컵로 74 (서교동),37.555828999999996,126.91063700000001,서울특별시,마포구
마포이마트,서울특별시 마포구 백범로 212 (신공덕동) 마포이마트,37.542421000000004,126.953341,서울특별시,마포구
합정메세나몰,"서울특별시 마포구 양화로 45 (서교동, 메세나폴리스)",37.551004,126.913848,서울특별시,마포구
가재울뉴타운,서울특별시 서대문구 가재울미래로 2 ,37.5749841,126.91644409999999,서울특별시,서대문구
남가좌사거리,"서울특별시 서대문구 거북골로 84 (남가좌동, DMC에코자이104동)",37.577386,126.92081499999999,서울특별시,서대문구
신촌역,서울특별시 서대문구 신촌로 73 (창천동),37.556166999999995,126.934673,서울특별시,서대문구
연희동,서울특별시 서대문구 연희로 97 (연희동),37.566702,126.930475,서울특별시,서대문구
아현역,"서울특별시 서대문구 신촌로35길 10 (북아현동, E편한세상신촌 4단지)",37.558421,126.956349,서울특별시,서대문구
홍제역,서울특별시 서대문구 통일로 451 (홍제동),37.588658,126.94386399999999,서울특별시,서대문구
연세백양로,서울특별시 서대문구 연세로 50 (신촌동) 연세대학교,37.562644,126.937529,서울특별시,서대문구
연희DT,서울특별시 서대문구 연희로 144 (연희동),37.570214299999996,126.9339777,서울특별시,서대문구
경기대,서울특별시 서대문구 충정로 53 (충정로2가),37.56367995,126.9646045,서울특별시,서대문구
신촌,서울특별시 서대문구 연세로 10-1 (창천동),37.55648577,126.9371155,서울특별시,서대문구
이대R,서울특별시 서대문구 이화여대길 34 (대현동),37.55848315,126.94596429999999,서울특별시,서대문구
연세종합관,"서울특별시 서대문구 연세로 50, 연세세브란스 종합관 (신촌동)",37.56177145,126.94147079999999,서울특별시,서대문구
이대ECC,서울특별시 서대문구 이화여대길 52 (대현동) 이화여자대학교 B415호,37.561631,126.94735,서울특별시,서대문구
연대,서울특별시 서대문구 연세로 35 (창천동),37.558706,126.936727,서울특별시,서대문구
신촌아트레온,서울특별시 서대문구 신촌로 129 (창천동),37.556505,126.940238,서울특별시,서대문구
충정로역,서울특별시 서대문구 충정로 23,37.561370000000004,126.963219,서울특별시,서대문구
연대동문,서울특별시 서대문구 성산로 565 (대신동),37.566385,126.946273,서울특별시,서대문구
신촌명물거리,"서울특별시 서대문구 명물길 24, 1-5층 (창천동)",37.557796,126.93809499999999,서울특별시,서대문구
충정타워,"서울특별시 서대문구 서소문로 21, 충정타워빌딩 1층 (충정로3가)",37.559869,126.96411,서울특별시,서대문구
방배로,서울특별시 서초구 방배로 52 (방배동),37.4793434,126.99949679999999,서울특별시,서초구
강남교보타워R,서울특별시 서초구 강남대로 465 (서초동),37.503789000000005,127.024075,서울특별시,서초구
방배다이치빌딩,서울특별시 서초구 방배로 114 (방배동),37.484328999999995,126.99587199999999,서울특별시,서초구
센트럴F1,서울특별시 서초구 신반포로 176 (반포동),37.505148,127.004395,서울특별시,서초구
서초역이화빌딩,서울특별시 서초구 반포대로21길 3 (서초동),37.487931,127.009126,서울특별시,서초구
서초구청,서울특별시 서초구 남부순환로 2557 (서초동),37.484206,127.030103,서울특별시,서초구
서초우성사거리,서울특별시 서초구 강남대로 343 (서초동),37.493545000000005,127.02943,서울특별시,서초구
이수역사거리,"서울특별시 서초구 서초대로 3-4 (방배동, 방배디오슈페리움1)",37.48585,126.983027,서울특별시,서초구
강남대로신사,서울특별시 서초구 강남대로 595 (잠원동),37.51489,127.019469,서울특별시,서초구
서울고속터미널,서울특별시 서초구 신반포로 194 (반포동),37.504406,127.005648,서울특별시,서초구
강남대로논현R,서울특별시 서초구 강남대로85길 5 (반포동),37.507413,127.02256799999999,서울특별시,서초구
방배,서울특별시 서초구 방배로 211,37.491914,126.99049739999998,서울특별시,서초구
방배카페거리,서울특별시 서초구 방배중앙로 162 (방배동),37.4934767,126.9865297,서울특별시,서초구
서초법원,서울특별시 서초구 서초대로 274 (서초동),37.49297,127.011875,서울특별시,서초구
청계산입구역,서울특별시 서초구 청계산로 203 (신원동),37.447323,127.05625,서울특별시,서초구
사당로데오,서울특별시 서초구 방배천로 5-4(방배동),37.4772752,126.98216049999996,서울특별시,서초구
파미에파크R,서울특별시 서초구 사평대로 205 (반포동) CENTRALCITY,37.5030521,127.00436200000001,서울특별시,서초구
교대역,서울특별시 서초구 서초중앙로 138 (서초동) 우림빌딩,37.494207,127.01393999999999,서울특별시,서초구
양재역,서울특별시 서초구 강남대로 202 (양재동) 모산빌딩,37.4820475,127.0367682,서울특별시,서초구
논현역,서울특별시 서초구 강남대로 557 (잠원동) 1~2층,37.5111983,127.0205875,서울특별시,서초구
이수역,서울특별시 서초구 동작대로 112 (방배동),37.4864664,126.98274029999992,서울특별시,서초구
내방역,서울특별시 서초구 방배로 184 (방배동) 대풍빌딩,37.490004,126.992455,서울특별시,서초구
서초파라곤,서울특별시 서초구 서초대로74길 29 (서초동) 서초파라곤,37.494941,127.027422,서울특별시,서초구
서울아트센터,서울특별시 서초구 남부순환로 2395 (서초동) 호경빌딩,37.480866,127.012368,서울특별시,서초구
서초중앙로,서울특별시 서초구 서초중앙로 225,37.501690999999994,127.01151999999999,서울특별시,서초구
센트럴시티,서울특별시 서초구 신반포로 176 (반포동),37.504707,127.00445900000001,서울특별시,서초구
강남삼성타운,서울특별시 서초구 서초대로78길 24 (서초동),37.49562035,127.02771440000001,서울특별시,서초구
방배역,서울특별시 서초구 방배로 84 (방배동),37.48200755,126.9976438,서울특별시,서초구
반포역,서울특별시 서초구 신반포로 257 (잠원동) 신반포11차상가,37.508589,127.011959,서울특별시,서초구
남부터미널,"서울특별시 서초구 서초중앙로 26, 래미안서초유니빌 1층 101호 (서초동)",37.48467334,127.01694640000001,서울특별시,서초구
뉴코아강남,서울특별시 서초구 잠원로 69 (잠원동) 킴스클럽,37.51031339,127.0069582,서울특별시,서초구
강남2,"서울특별시 서초구 서초대로77길 27, 유빌딩 1,2층 (서초동)",37.5000875,127.02549090000002,서울특별시,서초구
교대,서울특별시 서초구 서초중앙로 118 (서초동),37.492361100000004,127.0142207,서울특별시,서초구
하이브랜드,"서울특별시 서초구 매헌로 16, 리빙관 101호 (양재동)",37.46330766,127.03684469999999,서울특별시,서초구
신논현역,서울특별시 서초구 강남대로 483 (반포동) 청호빌딩,37.50529,127.02363600000001,서울특별시,서초구
영동2교,"서울특별시 서초구 논현로 139, 대흥빌딩 (양재동)",37.48203954,127.0425748,서울특별시,서초구
남부터미널2,서울특별시 서초구 효령로 274 (서초동),37.48436736,127.0142192,서울특별시,서초구
서래마을입구,서울특별시 서초구 서래로 48 (반포동),37.49925284,126.9984801,서울특별시,서초구
몬테소리,서울특별시 서초구 강남대로 399 (서초동),37.4982695,127.02686499999999,서울특별시,서초구
서초역,서울특별시 서초구 반포대로 118 (서초동),37.49067495,127.0086118,서울특별시,서초구
예술의전당,"서울특별시 서초구 남부순환로323길 1, 1층 (서초동)",37.48115265,127.01347240000001,서울특별시,서초구
교대법원,서울특별시 서초구 서초중앙로 164 (서초동),37.496328999999996,127.01333600000001,서울특별시,서초구
강남GT타워,"서울특별시 서초구 서초대로 411, GT타워 (서초동)",37.498056,127.02583300000003,서울특별시,서초구
서초동,"서울특별시 서초구 남부순환로339길 64, 현우빌딩 1층 (서초동)",37.485941,127.021525,서울특별시,서초구
서울교대,"서울특별시 서초구 서초중앙로 64, 1층 (서초동)",37.487396999999994,127.015134,서울특별시,서초구
강남에비뉴,"서울특별시 서초구 서초대로77길 62, 강남역아이파크 B102~B105 (서초동)",37.5027,127.023894,서울특별시,서초구
서울웨이브아트센터,서울특별시 서초구 잠원로 145-35 (잠원동),37.518807,127.00703999999999,서울특별시,서초구
길음역,서울특별시 성북구 정릉로 376 (돈암동),37.602139,127.02527099999999,서울특별시,성북구
미아이마트,서울특별시 성북구 도봉로 17 ,37.610678,127.029921,서울특별시,성북구
종암DT,서울특별시 성북구 종암로 17 (종암동),37.591952500000005,127.03604009999998,서울특별시,성북구
미아,서울특별시 성북구 동소문로 314 (하월곡동),37.607581,127.029303,서울특별시,성북구
성신여대정문,서울특별시 성북구 보문로34길 62 (동선동2가),37.59091,127.0188,서울특별시,성북구
종암,서울특별시 성북구 종암로 122 (종암동),37.601095,127.033847,서울특별시,성북구
삼선교,서울특별시 성북구 동소문로 10 (동소문동2가),37.588696,127.00732070000004,서울특별시,성북구
월곡역,"서울특별시 성북구 화랑로 76, 101-1호 (하월곡동)",37.601718,127.040446,서울특별시,성북구
고대,서울특별시 성북구 고려대로 24길 51 (안암동5가),37.58397192,127.02973519999999,서울특별시,성북구
현대미아,"서울특별시 성북구 동소문로 315, 현대백화점미아점 지하 1층 (길음동)",37.60837822,127.0287483,서울특별시,성북구
성신여대,서울특별시 성북구 동소문로24길 12 (동선동1가),37.593135,127.01837900000001,서울특별시,성북구
안암역,서울특별시 성북구 고려대로 102-2 (안암동5가),37.586319,127.030556,서울특별시,성북구
한성대입구역,서울특별시 성북구 성북로 11 (성북동1가),37.589054,127.00483899999999,서울특별시,성북구
송파나루역DT,서울특별시 송파구 오금로 142 (송파동),37.510793,127.11026580000001,서울특별시,송파구
송파헬리오시티,"서울특별시 송파구 송파대로 345 (가락동, 헬리오시티)",37.497856299999995,127.1031325,서울특별시,송파구
잠실시그마타워,서울특별시 송파구 올림픽로 289 (신천동),37.514567,127.102493,서울특별시,송파구
문정법원로R,서울특별시 송파구 송파대로 201 (문정동),37.487446999999996,127.11916399999998,서울특별시,송파구
송파개롱역,서울특별시 송파구 오금로 420 (가락동),37.496956,127.13651999999999,서울특별시,송파구
문정하비오,"서울특별시 송파구 송파대로 111 (문정동, 파크하비오) 204동 104호~107호",37.481925,127.123446,서울특별시,송파구
문정역,"서울특별시 송파구 송파대로 167 (문정동)테라타워 B동 137호~139호,204호",37.484813,127.12223700000001,서울특별시,송파구
잠실대교남단R,서울특별시 송파구 송파대로 570 타워 730 1층,37.515511,127.099006,서울특별시,송파구
송파위례,"서울특별시 송파구 위례광장로 230 (장지동, 위례2차아이파크)",37.478264,127.14406699999999,서울특별시,송파구
송파방이DT,서울특별시 송파구 오금로 241 (방이동),37.506564000000004,127.12049499999999,서울특별시,송파구
송파구청,서울특별시 송파구 오금로 87 (방이동),37.514573,127.107404,서울특별시,송파구
올림픽평화의문,서울특별시 송파구 위례성대로 38 (방이동) 해태그린피아빌라트,37.51564260000001,127.11648190000004,서울특별시,송파구
송파아이파크,서울특별시 송파구 법원로 55 (문정동),37.479892,127.12237900000001,서울특별시,송파구
송파사거리,서울특별시 송파구 송파대로 386 (송파동),37.50227879999999,127.11039040000001,서울특별시,송파구
석촌서호,서울특별시 송파구 석촌호수로 176 (삼전동),37.5063929,127.0964684,서울특별시,송파구
문정로데오,서울특별시 송파구 동남로 141 (가락동),37.491904999999996,127.1262696,서울특별시,송파구
올림픽훼미리,서울특별시 송파구 중대로 68 (문정동),37.491626000000004,127.116308,서울특별시,송파구
올림픽공원남문,서울특별시 송파구 위례성대로 102 (방이동),37.5133,127.12311299999999,서울특별시,송파구
방이역,"서울특별시 송파구 마천로 53, 1~2층 (오금동)",37.508666,127.12656899999999,서울특별시,송파구
석촌호수,서울특별시 송파구 석촌호수로 262 (송파동),37.509581,127.104993,서울특별시,송파구
잠실푸르지오월드,"서울특별시 송파구 올림픽로35가길 9, 잠실푸르지오월드마크 1층 (신천동)",37.517649,127.103426,서울특별시,송파구
잠실새내역,서울특별시 송파구 올림픽로 96 (잠실동),37.511679,127.08106200000002,서울특별시,송파구
잠실역,"서울특별시 송파구 송파대로 562, 한빛프라자 1층, 2층 (신천동)",37.515271999999996,127.099231,서울특별시,송파구
갤러리아팰리스,"서울특별시 송파구 올림픽로 212, 갤러리아 팰리스 (잠실동)",37.51108365,127.0938059,서울특별시,송파구
아시아선수촌,서울특별시 송파구 백제고분로 69 (잠실동),37.51059,127.079047,서울특별시,송파구
올림픽아파트,서울특별시 송파구 양재대로 1222 (방이동),37.515315,127.13323700000001,서울특별시,송파구
가락본동,서울특별시 송파구 송파대로30길 13 (가락동),37.494895,127.118785,서울특별시,송파구
석촌역,"서울특별시 송파구 백제고분로 358, 1층 (석촌동)",37.5042626,127.10610769999994,서울특별시,송파구
가락시장역,"서울특별시 송파구 중대로 121, 롯데캐슬 파인힐 1층 (가락동)",37.494299,127.121354,서울특별시,송파구
가든파이브,서울특별시 송파구 충민로 10 (문정동) 가든파이브툴,37.4782316,127.1193703,서울특별시,송파구
몽촌토성역,서울특별시 송파구 위례성대로 6 ,37.516913,127.113127,서울특별시,송파구
송파마천사거리DT,서울특별시 송파구 거마로 78 (마천동),37.499829,127.147672,서울특별시,송파구
목동파리공원,서울특별시 양천구 목동동로 377 (목동),37.535336,126.878852,서울특별시,양천구
등촌역,서울특별시 양천구 공항대로 566 (목동) 1층 2층,37.548884,126.86806999999999,서울특별시,양천구
목동행복한,서울특별시 양천구 목동동로 309 (목동),37.529146999999995,126.876099,서울특별시,양천구
신정DT,서울특별시 양천구 신월로 341 (신정동),37.521993,126.858865,서울특별시,양천구
목동역,서울특별시 양천구 목동로 203 (신정동) 1층일부,37.526684,126.86398600000001,서울특별시,양천구
목동오목로,"서울특별시 양천구 오목로 279 (목동) 102,103,104,105호",37.525923,126.86843799999998,서울특별시,양천구
목동8단지,서울특별시 양천구 목동서로 299 (신정동),37.520518,126.86884099999999,서울특별시,양천구
오목교역,서울특별시 양천구 오목로 354 (목동),37.523588200000006,126.87652120000007,서울특별시,양천구
신월IC DT,서울특별시 양천구 남부순환로 430 (신월동),37.5294984,126.83198300000001,서울특별시,양천구
목동7단지,서울특별시 양천구 목동서로 213 (목동) 세신비젼프라자,37.528012,126.87053,서울특별시,양천구
목동5단지,"서울특별시 양천구 목동동로 411, 1동 116호(목동, 부영그린타운3차)",37.536706,126.88212,서울특별시,양천구
목동,서울특별시 양천구 목동서로 67 (목동) 우성에펠타운,37.53638383,126.87855970000001,서울특별시,양천구
현대목동,"서울특별시 양천구 목동동로 257, 현대백화점목동점 지하 2층 (목동)",37.526848,126.875023,서울특별시,양천구
목동파라곤,"서울특별시 양천구 목동서로 155, 목동파라곤 1층 (목동)",37.52947,126.874996,서울특별시,양천구
목동트라팰리스,서울특별시 양천구 오목로 299 (목동),37.5255,126.8702,서울특별시,양천구
타임스퀘어R,서울특별시 영등포구 영중로 15 지하 1층 (영등포동4가),37.517139,126.90360600000001,서울특별시,영등포구
샛강역,서울특별시 영등포구 여의대방로 376 (여의도동),37.5183551,126.9312716,서울특별시,영등포구
영등포역,서울특별시 영등포구 경인로 870 (영등포동1가),37.5169614,126.909139,서울특별시,영등포구
당산대로,서울특별시 영등포구 양평로 22 (당산동6가),37.533121,126.90380400000001,서울특별시,영등포구
여의도IFC몰(L1)R,서울특별시 영등포구 국제금융로 10 (여의도동)  지하1층 178호,37.525127000000005,126.92550800000001,서울특별시,영등포구
여의도KBS R,서울특별시 영등포구 의사당대로 26 (여의도동),37.526596000000005,126.918456,서울특별시,영등포구
여의도화재보험,서울특별시 영등포구 국제금융로6길 38 (여의도동),37.521345000000004,126.926004,서울특별시,영등포구
국회대로,서울특별시 영등포구 국회대로 786 (여의도동),37.53026,126.919549,서울특별시,영등포구
영등포KT,서울특별시 영등포구 영중로 119 (영등포동8가),37.526419,126.90531399999999,서울특별시,영등포구
여의도공원R,서울특별시 영등포구 여의공원로 101 (여의도동),37.529231,126.924872,서울특별시,영등포구
국회의사당역,서울특별시 영등포구 의사당대로 8 (여의도동),37.527831,126.916882,서울특별시,영등포구
선유도역,서울특별시 영등포구 양평로 115 (양평동4가),37.537268,126.894594,서울특별시,영등포구
여의도역R,서울특별시 영등포구 의사당대로 83 (여의도동) 1층,37.523328,126.92343899999999,서울특별시,영등포구
선유동이레빌딩,서울특별시 영등포구 선유동2로 57 (양평제1동) 이레빌딩,37.534109,126.89691200000001,서울특별시,영등포구
동여의도,서울특별시 영등포구 국제금융로 86 (여의도동) 롯데캐슬 아이비,37.5199494,126.9317957,서울특별시,영등포구
여의도ABL타워,서울특별시 영등포구 의사당대로 147 (여의도동) 알리안츠타워,37.518749,126.92778999999999,서울특별시,영등포구
영등포신길DT,"서울특별시 영등포구 신길로 137 (신길동) 1,2층",37.504566,126.910073,서울특별시,영등포구
문래역,서울특별시 영등포구 당산로 34 (문래동3가),37.517446,126.89525800000001,서울특별시,영등포구
당산,서울특별시 영등포구 양평로 64 (당산동6가),37.535164,126.899942,서울특별시,영등포구
여의도한양증권,서울특별시 영등포구 국제금융로6길 7 (여의도동) 한양증권,37.522418,126.929093,서울특별시,영등포구
여의도일신,서울특별시 영등포구 은행로 11 (여의도동) 1층 1부,37.528,126.920103,서울특별시,영등포구
신세계타임스퀘어B2,"서울특별시 영등포구 영중로 9, 신세계타임스퀘어점 리빙관 지하2층 (영등포동4가)",37.517162,126.905608,서울특별시,영등포구
하이테크시티,서울특별시 영등포구 경인로 775 (문래동3가) 에이스하이테크시티,37.51467062,126.89864740000002,서울특별시,영등포구
여의도,서울특별시 영등포구 국제금융로2길 28 (여의도동),37.52403519,126.9245179,서울특별시,영등포구
롯데캐슬여의도,서울특별시 영등포구 의사당대로 127 (여의도동) 롯데캐슬앰파이어 1층 104호,37.52025214,126.92636780000001,서울특별시,영등포구
문래동,"서울특별시 영등포구 선유로 64, 대창타운빌 1층 (문래동3가)",37.519602,126.889652,서울특별시,영등포구
신세계타임스퀘어1F,"서울특별시 영등포구 영중로 9, 신세계백화점 리빙관 1층 (영등포동4가)",37.517162,126.905608,서울특별시,영등포구
여의도호성,"서울특별시 영등포구 여의대방로65길 24, 호성빌딩 1층 (여의도동)",37.520176,126.929426,서울특별시,영등포구
타임스퀘어B2,"서울특별시 영등포구 영중로 15, 지하2층 (영등포동4가)",37.516985,126.90338700000001,서울특별시,영등포구
영등포본동,서울특별시 영등포구 영등포로 254 (영등포동3가),37.518713,126.909559,서울특별시,영등포구
타임스퀘어2F,서울특별시 영등포구 영중로 15 지상2층 (영등포동4가),37.516985,126.90338700000001,서울특별시,영등포구
여의도의사당,"서울특별시 영등포구 국회대로74길 12, 남중빌딩 1층 (여의도동)",37.530023,126.92108999999999,서울특별시,영등포구
여의도IFC(1F),서울특별시 영등포구 국제금융로 10 (여의도동),37.525273,126.924668,서울특별시,영등포구
당산역사거리,서울특별시 영등포구 양평로 47 (당산동5가),37.533984000000004,126.901156,서울특별시,영등포구
불광역,서울특별시 은평구 통일로 715 ,37.609382000000004,126.9303971,서울특별시,은평구
구파발사거리,서울특별시 은평구 진관3로 21 은평엘크루 101동 105-108호,37.639617,126.91881000000001,서울특별시,은평구
연신내역사거리,서울특별시 은평구 통일로 842 (불광동),37.61862,126.92206200000001,서울특별시,은평구
연신내,서울특별시 은평구 통일로 867 (갈현동),37.620416999999996,126.919913,서울특별시,은평구
구파발역,서울특별시 은평구 진관2로 12,37.63446,126.918881,서울특별시,은평구
은평구청입구,서울특별시 은평구 은평로 170 (응암동),37.601042,126.92678899999999,서울특별시,은평구
은평이마트,서울특별시 은평구 은평로 111 (응암동),37.60037923,126.92027350000001,서울특별시,은평구
구산역,서울특별시 은평구 연서로 146 (대조동),37.611745,126.91767800000001,서울특별시,은평구
연합뉴스,서울특별시 종로구 율곡로2길 25 (수송동),37.5743289,126.9804590000005,서울특별시,종로구
혜화역,서울특별시 종로구 대학로12길 4 1~2층,37.5824779,127.00218500000001,서울특별시,종로구
경희궁로,서울특별시 종로구 새문안로3길 15 (당주동),37.571759,126.972343,서울특별시,종로구
강북삼성병원,서울특별시 종로구 새문안로 29 (평동),37.568546000000005,126.96756,서울특별시,종로구
종로평창동,서울특별시 종로구 평창12길 3 (평창동),37.606149,126.96721299999999,서울특별시,종로구
광화문우체국,서울특별시 종로구 종로 6 (서린동),37.569854,126.97808300000001,서울특별시,종로구
더종로R,서울특별시 종로구 종로 51 (종로2가),37.570803999999995,126.983494,서울특별시,종로구
독립문역,서울특별시 종로구 송월길 155 경희궁자이 4단지 1층 팰리스애비뉴 4114~4119호,37.571432,126.961269,서울특별시,종로구
정부서울청사R,서울특별시 종로구 새문안로5가길 28 (적선동),37.574411,126.97357099999999,서울특별시,종로구
동묘앞역,"서울특별시 종로구 종로 344 (숭인동, 대우디오빌) 101호 일부, 201호 일부",37.5727,127.016072,서울특별시,종로구
종로구청,서울특별시 종로구 삼봉로 71 (수송동),37.572662,126.98113799999999,서울특별시,종로구
북촌로,서울특별시 종로구 북촌로4길 23 (계동),37.579462,126.98643100000001,서울특별시,종로구
종로수송,서울특별시 종로구 종로5길 30 (청진동) 1~3층,37.571493100000005,126.9807831,서울특별시,종로구
새문안로,서울특별시 종로구 새문안로 92 (신문로1가) 광화문오피시아빌딩,37.5696597,126.9748903,서울특별시,종로구
안국,서울특별시 종로구 북촌로 5-1 (재동),37.577338,126.98563500000002,서울특별시,종로구
삼청동,서울특별시 종로구 삼청로 111-1 (삼청동),37.585381,126.9817512,서울특별시,종로구
광화문D타워,서울특별시 종로구 종로3길 17 (청진동) D타워,37.5714,126.9788297,서울특별시,종로구
서울극장,서울특별시 종로구 돈화문로 13 (관수동) 서울극장,37.56975769,126.99179109999999,서울특별시,종로구
적선,"서울특별시 종로구 새문안로5길 55, 노스게이트빌딩 1층 (적선동)",37.57520431,126.9739361,서울특별시,종로구
인사,서울특별시 종로구 인사동길 14 (인사동),37.57212929999999,126.98703490000003,서울특별시,종로구
영풍문고,서울특별시 종로구 청계천로 41 (서린동) 영풍빌딩,37.5695584,126.9821243,서울특별시,종로구
광화문R,"서울특별시 종로구 세종대로 167, 현대해상본사사옥 별관내 (세종로)",37.57122929999999,126.9762872,서울특별시,종로구
성대입구,서울특별시 종로구 창경궁로 235 (명륜3가),37.582892,126.998392,서울특별시,종로구
스페이스본,서울특별시 종로구 사직로8길 4 (사직동) 광화문 풍림스페이스본,37.57532212,126.9692494,서울특별시,종로구
주얼리시티,서울특별시 종로구 종로 183 (인의동) 효성주얼리시티,37.57154914,126.998705,서울특별시,종로구
종각,서울특별시 종로구 종로 64 (종로2가),37.5699183,126.98452810000003,서울특별시,종로구
광교,서울특별시 종로구 청계천로 59 (관철동),37.568928,126.9842163,서울특별시,종로구
동숭로아트,서울특별시 종로구 동숭길 110 (동숭동),37.582969,127.003876,서울특별시,종로구
종로관철,"서울특별시 종로구 종로12길 21, 2층 (관철동)",37.569058,126.98601299999999,서울특별시,종로구
경복궁역,"서울특별시 종로구 자하문로4길 6, 1층 (통의동)",37.5771508,126.97274530000004,서울특별시,종로구
이마빌딩,서울특별시 종로구 종로1길 42 (수송동),37.573863700000004,126.97897149999994,서울특별시,종로구
마로니에공원,"서울특별시 종로구 대학로 116, 1-2층 (동숭동)",37.58154296,127.0023412,서울특별시,종로구
종로3가,"서울특별시 종로구 종로 113-1, 1-4층 (종로3가)",37.5705527,126.99020549999999,서울특별시,종로구
대학로,"서울특별시 종로구 대학로 57, 홍익대학교 대학로캠퍼스 內 (연건동)",37.576509,127.001449,서울특별시,종로구
경복궁사거리,"서울특별시 종로구 율곡로 6, B동 101호(중학동, 트윈트리타워)",37.575578,126.980581,서울특별시,종로구
종로관수,서울특별시 종로구 삼일대로20길 13 (관수동),37.569385,126.988665,서울특별시,종로구
동숭길입구,서울특별시 종로구 대학로 146 (혜화동),37.584236,127.00201399999999,서울특별시,종로구
서울대치과병원,서울특별시 종로구 대학로 101 서울대학교 치과병원 신관1층,37.5779,126.99965,서울특별시,종로구
숭례문북창,서울특별시 중구 세종대로12길 12 (남대문로4가),37.561725,126.97683799999999,서울특별시,중구
을지로4가역,서울특별시 중구 을지로 170 (을지로4가),37.566682,126.997285,서울특별시,중구
동대문두타,서울특별시 중구 장충단로 275 (을지로6가),37.56892512604548,127.00878383484596,서울특별시,중구
대한상공회의소R,서울특별시 중구 세종대로 39 상공회의소회관 1층,37.560938,126.973702,서울특별시,중구
명동센트럴,서울특별시 중구 명동9길 16 (명동1가),37.564669,126.98523300000001,서울특별시,중구
국립중앙의료원,서울특별시 중구 을지로 251 (을지로6가),37.566516,127.00623759999999,서울특별시,중구
동국대,서울특별시 중구 서애로 1길 11,37.561541999999996,126.99843700000001,서울특별시,중구
신세계본점5F,서울특별시 중구 소공로 63 (충무로1가),37.560951,126.98113400000001,서울특별시,중구
을지로내외빌딩R,서울특별시 중구 을지로 51 (을지로2가),37.566479,126.98366299999999,서울특별시,중구
대우재단빌딩,서울특별시 중구 퇴계로 18 (남대문로5가),37.556781,126.975081,서울특별시,중구
동대문공원,서울특별시 중구 장충단로 229 (광희동1가),37.565133,127.00719099999999,서울특별시,중구
을지로국제빌딩,서울특별시 중구 남대문로 109 (다동),37.566952,126.982219,서울특별시,중구
동대입구역,서울특별시 중구 장충단로 166 (장충동1가),37.559593,127.006142,서울특별시,중구
신당역사거리,서울특별시 중구 다산로 258 (흥인동),37.565807,127.01643,서울특별시,중구
연세세브란스,서울특별시 중구 통일로 10 (남대문로5가),37.557207,126.97353999999999,서울특별시,중구
회현역,서울특별시 중구 퇴계로 72 (회현동) 리더스뷰남산,37.5589809,126.98074670000004,서울특별시,중구
을지로경기빌딩,서울특별시 중구 남대문로10길 9 (삼각동) 경기빌딩,37.567172,126.98315600000001,서울특별시,중구
을지로2가,서울특별시 중구 삼일대로 358 (을지로2가),37.566347,126.98806599999999,서울특별시,중구
신세계본점6F,서울특별시 중구 퇴계로 77 (충무로1가),37.560381,126.98075800000001,서울특별시,중구
서울중앙우체국,서울특별시 중구 소공로 70 (충무로 1가) 서울 중앙 우체국,37.561678,126.98211699999999,서울특별시,중구
한국프레스센터,서울특별시 중구 세종대로 124 (태평로1가),37.567381,126.97785900000001,서울특별시,중구
명동중앙로,서울특별시 중구 명동길 60 (명동 2가),37.563748499999996,126.9857723,서울특별시,중구
약수역,서울특별시 중구 다산로 129 (신당동),37.555437,127.0107253,서울특별시,중구
중구저동,서울특별시 중구 수표로 34 (저동2가),37.5643686,126.9903382,서울특별시,중구
명동길,서울특별시 중구 명동10길 41,37.5620695,126.9858669,서울특별시,중구
소공로북창,서울특별시 중구 세종대로18길 32 (소공동) 삼원빌딩,37.5636856,126.9789237,서울특별시,중구
서소문로,서울특별시 중구 서소문로 120 (서소문동) 대한빌딩,37.563006,126.97454599999999,서울특별시,중구
신당역,"서울특별시 중구 퇴계로 385, 1층 (흥인동)",37.565521999999994,127.014554,서울특별시,중구
명동메트로,서울특별시 중구 명동9가길 14 (을지로1가) 메트로호텔,37.565118,126.983681,서울특별시,중구
숭례문,"서울특별시 중구 세종대로 17, 와이즈타워 1층 (남대문로5가)",37.55874473,126.9730952,서울특별시,중구
순화동더샵,"서울특별시 중구 칠패로 27, 1층 (순화동)",37.560072,126.97193100000001,서울특별시,중구
대한극장,서울특별시 중구 퇴계로 212 (필동 2가),37.56105065,126.99527350000001,서울특별시,중구
환구단,서울특별시 중구 소공로 112 (소공동),37.564448,126.979157,서울특별시,중구
무교동,서울특별시 중구 무교로 21 (무교동) 코오롱빌딩 1층,37.56781712,126.97873799999999,서울특별시,중구
문화일보,서울특별시 중구 새문안로 22 (충정로1가) 문화일보,37.56712291,126.9686642,서울특별시,중구
태평로,"서울특별시 중구 세종대로 72, 대영빌딩 1층 (태평로2가)",37.56248285,126.97679280000001,서울특별시,중구
퍼시픽타워,"서울특별시 중구 세종대로9길 41, 퍼시픽타워 1층 (서소문동)",37.56132157,126.9730264,서울특별시,중구
남산단암,"서울특별시 중구 소월로 10, 단암빌딩 (남대문로5가)",37.55853622,126.9754585,서울특별시,중구
황학캐슬,서울특별시 중구 청계천로 400 (황학동) 롯데캐슬베네치아,37.57124,127.02290500000001,서울특별시,중구
서소문,서울특별시 중구 서소문로 130 (서소문동),37.5633773,126.9755129,서울특별시,중구
을지로삼화타워,서울특별시 중구 을지로5길 16 삼화타워1층,37.566902,126.984707,서울특별시,중구
소공로,"서울특별시 중구 남대문로7길 19, 삼영빌딩 1층 일부 (소공동)",37.5637273,126.98076809999998,서울특별시,중구
서소문배재,서울특별시 중구 서소문로 99 (서소문동),37.562848100000004,126.9721664,서울특별시,중구
을지로한국빌딩,"서울특별시 중구 을지로 50, 1층 (을지로 2가)",37.565721999999994,126.98329,서울특별시,중구
순화동에이스,서울특별시 중구 통일로 92 (순화동) KG타워,37.563528000000005,126.969144,서울특별시,중구
시청,"서울특별시 중구 을지로 19, 삼성화재삼성빌딩 1층 (을지로1가)",37.56629,126.979808,서울특별시,중구
시청플러스,"서울특별시 중구 을지로 19, 삼성화재삼성빌딩 1층 (을지로1가)",37.566338,126.98005500000001,서울특별시,중구
충무로역,"서울특별시 중구 퇴계로 197, 충무빌딩 1층 (필동 2가)",37.561499,126.99386399999999,서울특별시,중구
명동역,"서울특별시 중구 퇴계로 101, 건물 전체 (충무로 1가)",37.560832,126.98309499999999,서울특별시,중구
남산스테이트,서울특별시 중구 퇴계로 100 (회현동2가),37.560204999999996,126.98279099999999,서울특별시,중구
명동입구,서울특별시 중구 남대문로 68-1 (명동2가),37.563319,126.982242,서울특별시,중구
무교로,서울특별시 중구 무교로 15 (무교동),37.567399,126.9789,서울특별시,중구
숭례문SG타워,서울특별시 중구 세종대로 14 (남대문로5가),37.5581293,126.97426370000001,서울특별시,중구
명동남산,서울특별시 중구 퇴계로 132 (남산동3가),37.560809000000006,126.986397,서울특별시,중구
명일역,서울특별시 강동구 양재대로 1647 (명일동),37.55258,127.143799,서울특별시,강동구
강동구청DT,서울특별시 강동구 성내로 32 (성내동),37.529437,127.12383500000001,서울특별시,강동구
강동암사DT,서울특별시 강동구 고덕로 43 (암사동),37.555054,127.13006499999999,서울특별시,강동구
굽은다리역,서울특별시 강동구 양재대로 1568 (명일동),37.545403,127.143101,서울특별시,강동구
강동역,"서울특별시 강동구 천호대로 1089 (천호동, 강동 헤르셔)",37.536046999999996,127.133086,서울특별시,강동구
둔촌동,서울특별시 강동구 양재대로 1303 (성내동) 평원빌딩,37.522724,127.13394299999999,서울특별시,강동구
천호로데오,서울특별시 강동구 천호대로 1037 (천호동),37.53780689999999,127.12730940000006,서울특별시,강동구
천호이마트,서울특별시 강동구 천호대로 1015-14 (천호동) 이마트별관,37.538933,127.12521399999999,서울특별시,강동구
길동역,서울특별시 강동구 양재대로 1487 (길동),37.53874329999999,127.1399879,서울특별시,강동구
상일동,"서울특별시 강동구 상일로10길 36, 1~2층 (상일동)",37.550072,127.17425800000001,서울특별시,강동구
올림픽공원북문,서울특별시 강동구 강동대로 171 (성내동),37.525403000000004,127.125932,서울특별시,강동구
천호역,"서울특별시 강동구 천호대로 1012, 태승빌딩 (성내동)",37.53795191,127.12457930000001,서울특별시,강동구
명일이마트,서울특별시 강동구 동남로75길 5 (명일동) 명일이마트별관주차장,37.553990999999996,127.155984,서울특별시,강동구
천호사거리,서울특별시 강동구 올림픽로 651 ,37.539702,127.12354199999999,서울특별시,강동구
천호대로길동,서울특별시 강동구 천호대로 1131 거산 유팰리스,37.534651000000004,127.13721000000001,서울특별시,강동구
신도림,서울특별시 구로구 경인로 610 (신도림동),37.505517,126.883953,서울특별시,구로구
구로디지털타워,서울특별시 구로구 디지털로32길 30 (구로동),37.483432,126.89648000000001,서울특별시,구로구
오류동역,서울특별시 구로구 경인로 216 (오류동),37.496215500000005,126.8448614,서울특별시,구로구
구로디지털로,"서울특별시 구로구 디지털로33길 11, 에이스테크노8차 1층 (구로동)",37.485911,126.895587,서울특별시,구로구
신세계아이앤씨,"서울특별시 구로구 디지털로31길 61, 드림마크원데이터센타 1층 (구로동)",37.48587904,126.89161270000001,서울특별시,구로구
구로에이스,"서울특별시 구로구 디지털로 285, 에이스트윈타워1차 103호 (구로동)",37.48448329,126.8944957,서울특별시,구로구
구로하이엔드,"서울특별시 구로구 디지털로26길 5, 에이스하이엔드타워1차 103호 (구로동)",37.481618,126.89313600000001,서울특별시,구로구
현대디큐브2F,서울특별시 구로구 경인로 662 (신도림동),37.508635999999996,126.889225,서울특별시,구로구
구로호텔,"서울특별시 구로구 디지털로32길 72, 구로호텔 1층 (구로동)",37.483129299999995,126.89885909999998,서울특별시,구로구
현대디큐브B2,서울특별시 구로구 경인로 662 (신도림동),37.508828,126.88948799999999,서울특별시,구로구
구로NC,서울특별시 구로구 구로중앙로 152 (구로동) 구로NC,37.501219,126.882798,서울특별시,구로구
답십리역,서울특별시 동대문구 천호대로 263 (답십리동),37.568466,127.051106,서울특별시,동대문구
경희대삼거리,서울특별시 동대문구 회기로 141 (회기동),37.591530999999996,127.05201699999999,서울특별시,동대문구
외대정문,서울특별시 동대문구 이문로 93 (이문동),37.5953464,127.05903020000001,서울특별시,동대문구
신설동역,서울특별시 동대문구 왕산로 19 (신설동),37.57672279999999,127.0255446,서울특별시,동대문구
회기역사거리,서울특별시 동대문구 이문로 37 (회기동),37.590784,127.05609799999999,서울특별시,동대문구
외대,서울특별시 동대문구 휘경로 12-1 (이문동),37.59575188,127.06140020000001,서울특별시,동대문구
장한평역,서울특별시 동대문구 장한로 10 (장안동),37.562337,127.06551100000001,서울특별시,동대문구
경희대,서울특별시 동대문구 경희대로 16-1 (회기동),37.5928812,127.05280849999995,서울특별시,동대문구
서울숲역,서울특별시 성동구 왕십리로50 1층 일부,37.542075,127.04496100000001,서울특별시,성동구
금호역,서울특별시 성동구 동호로 99 ,37.5479939,127.01533429999999,서울특별시,성동구
뚝섬역,서울특별시 성동구 아차산로 42 (성수동1가),37.546432,127.04904199999999,서울특별시,성동구
황학사거리,"서울특별시 성동구 왕십리로 410 (하왕십리동, 센트라스)",37.567644,127.023697,서울특별시,성동구
성수역,서울특별시 성동구 성수이로 94 (성수동2가),37.543193,127.05694299999999,서울특별시,성동구
상왕십리역,서울특별시 성동구 왕십리로 382 (하왕십리동),37.565169,127.02790700000001,서울특별시,성동구
왕십리역,서울특별시 성동구 왕십리로 326 (도선동),37.5627541,127.03390719999999,서울특별시,성동구
한양대,서울특별시 성동구 왕십리로 225 (행당동),37.55726984,127.0421649,서울특별시,성동구
엔터식스,서울특별시 성동구 왕십리광장로 17 (행당동),37.56175811,127.03833279999999,서울특별시,성동구
성수이마트,서울특별시 성동구 뚝섬로 379 (성수동2가) 이마트 성수점,37.539699600000006,127.05300829999999,서울특별시,성동구
성수낙낙,서울시 성동구 광나루로8길 31 성수SKV1 2동 1층 101~107호,37.547326,127.066367,서울특별시,성동구
엔터식스한양대,서울특별시 성동구 왕십리로 241 B1층,37.5570379,127.04002,서울특별시,성동구
효창공원앞역,"서울특별시 용산구 백범로 313 (효창동, 용산 롯데캐슬 센터포레)",37.539305,126.96306000000001,서울특별시,용산구
서울역서부,서울특별시 용산구 만리재로 202 (서계동),37.555165,126.968446,서울특별시,용산구
이태원역,서울특별시 용산구 이태원로 188 (이태원동),37.534273,126.99478899999998,서울특별시,용산구
한강진역R,서울특별시 용산구 이태원로 252 (한남동),37.537131,127.00098,서울특별시,용산구
용산역써밋R,"서울특별시 용산구 한강대로 69 (한강로2가, 용산푸르지오써밋)",37.527586,126.965401,서울특별시,용산구
이촌,서울특별시 용산구 이촌로 276 (이촌동),37.518605,126.977271,서울특별시,용산구
신용산역,"서울특별시 용산구 한강대로 95 (한강로2가, 래미안용산)",37.528702,126.966757,서울특별시,용산구
용산파크타워,"서울특별시 용산구 서빙고로 67 (용산동5가, 파크타워)",37.523818,126.97038899999998,서울특별시,용산구
남영동,서울특별시 용산구 한강대로 275 (갈월동),37.542831,126.972242,서울특별시,용산구
한남동R,서울특별시 용산구 독서당로 94 (한남동),37.53485,127.010919,서울특별시,용산구
서울타워,서울특별시 용산구 남산공원길 105 (용산동2가) YTN서울타워 1층,37.551102,126.988317,서울특별시,용산구
서울역동자동,서울특별시 용산구 한강대로 372 (동자동),37.551752,126.97269399999999,서울특별시,용산구
순천향입구,서울특별시 용산구 대사관로 67 (한남동),37.533394,127.00563000000001,서울특별시,용산구
숙대,서울특별시 용산구 청파로47길 57 (청파동3가),37.54460479,126.96722520000002,서울특별시,용산구
동빙고,서울특별시 용산구 장문로 12 (동빙고동),37.5289857,126.991782,서울특별시,용산구
숙대입구역,서울특별시 용산구 한강대로 291 (갈월동),37.544118,126.97189099999999,서울특별시,용산구
용산아이파크몰,서울특별시 용산구 한강대로23길 55,37.5288539,126.96404469999992,서울특별시,용산구
동부이촌동,서울특별시 용산구 이촌로 198 (이촌동),37.52111,126.96905,서울특별시,용산구
용산해링턴스퀘어,서울특별시 용산구 서빙고로 17 (한강로3가),37.52585620000001,126.96764420000001,서울특별시,용산구
용산리첸시아,"서울특별시 용산구 백범로 341 (원효로1가, 리첸시아 용산)",37.538571000000005,126.967409,서울특별시,용산구
상봉,"서울특별시 중랑구 상봉로 131 (상봉동, 상봉 듀오트리스 주상복합)",37.597842,127.092509,서울특별시,중랑구
중랑역,서울특별시 중랑구 망우로30길 3 (상봉동),37.5930326,127.07473579999998,서울특별시,중랑구
중랑구청,서울특별시 중랑구 신내로 72,37.60538908,127.09575579999999,서울특별시,중랑구
사가정역,서울특별시 중랑구 면목로 310,37.579594,127.087966,서울특별시,중랑구
상봉역,"서울특별시 중랑구 망우로 307, ,3,4번지 (상봉동)",37.59689,127.08646999999999,서울특별시,중랑구
묵동이마트,"서울특별시 중랑구 동일로 932, 묵동이마트 B1층 (묵동)",37.613433,127.07748400000001,서울특별시,중랑구
묵동,서울특별시 중랑구 동일로 952 ,37.615368,127.076633,서울특별시,중랑구
