,like,date,hashtag
0,157,2020-12-18,셀스타그램
1,157,2020-12-18,인스타
2,157,2020-12-18,일상공유
3,157,2020-12-18,소통
4,157,2020-12-18,선팔
5,157,2020-12-18,데일리
6,157,2020-12-18,셀피
7,157,2020-12-18,셀픽스
8,157,2020-12-18,좋튀
9,157,2020-12-18,전신샷
10,157,2020-12-18,얼스타그램
11,157,2020-12-18,좋아요
12,157,2020-12-18,얼스어스
13,157,2020-12-18,피드
14,157,2020-12-18,첫줄
15,157,2020-12-18,좋반
16,157,2020-12-18,좋테
17,157,2020-12-18,l4l
18,157,2020-12-18,fff
19,157,2020-12-18,daily
20,157,2020-12-18,dailylook
21,157,2020-12-18,insta
22,157,2020-12-18,follow
23,157,2020-12-18,selfie
24,157,2020-12-18,selca
25,157,2020-12-18,ootd
26,157,2020-12-18,오늘의훈녀
27,157,2020-12-18,대구카페
28,157,2020-12-18,카페스타그램
29,157,2020-12-18,카페맛집
30,166,2020-12-20,카페스타그램
31,166,2020-12-20,카페투어
32,166,2020-12-20,카페그램
33,166,2020-12-20,카페맛집
34,166,2020-12-20,카페
35,166,2020-12-20,데일리
36,166,2020-12-20,송정리한남
37,166,2020-12-20,데일리룩
38,166,2020-12-20,l4f
39,166,2020-12-20,ootd
40,166,2020-12-20,한남동카페
41,166,2020-12-20,가로수길카페
42,166,2020-12-20,대구카페
43,166,2020-12-20,부산카페
44,166,2020-12-20,서울카페
45,166,2020-12-20,카페탐방
46,166,2020-12-20,카페디저트
47,166,2020-12-20,카페거리
48,158,2020-12-20,첫줄
49,158,2020-12-20,첫줄반사
50,158,2020-12-20,조대
51,158,2020-12-20,홍대
52,158,2020-12-20,오오티디
53,158,2020-12-20,클로우치
54,160,2020-12-20,대전
55,160,2020-12-20,대전카페
56,160,2020-12-20,대전카페추천
57,160,2020-12-20,대전카페투어
58,160,2020-12-20,어반멜로우
59,160,2020-12-20,브런치
60,160,2020-12-20,브런치맛집
61,160,2020-12-20,브런치카페
62,160,2020-12-20,브런치카페추천
63,160,2020-12-20,디저트
64,160,2020-12-20,디저트맛집
65,160,2020-12-20,디저트카페
66,160,2020-12-20,디저트카페추천
67,160,2020-12-20,카페투어
68,160,2020-12-20,카페추천
69,160,2020-12-20,카페맛집
70,160,2020-12-20,카페그램
71,160,2020-12-20,카페스타그램
72,160,2020-12-20,cafe
73,160,2020-12-20,cafetour
74,160,2020-12-20,bakerycafe
75,160,2020-12-20,dessertcafe
76,160,2020-12-20,instacafe
77,160,2020-12-20,foodie
78,160,2020-12-20,instafood
79,160,2020-12-20,like
80,160,2020-12-20,lfl
81,160,2020-12-20,likeforlikes
82,160,2020-12-20,follow
83,160,2020-12-20,fff
84,164,2020-12-20,팔로우환영
85,164,2020-12-20,카페탐방
86,164,2020-12-20,카페놀이
87,164,2020-12-20,오오티디
88,164,2020-12-20,소통
89,164,2020-12-20,소통해요
90,164,2020-12-20,여름
91,164,2020-12-20,맛팔
92,164,2020-12-20,좋아요
93,164,2020-12-20,셀카
94,164,2020-12-20,일상
95,164,2020-12-20,소통
96,164,2020-12-20,셀스타그램
97,164,2020-12-20,좋아
98,164,2020-12-20,일상스타그램
99,171,2020-12-19,ootdfashion
100,171,2020-12-19,outfit
101,324,2020-12-18,셀카
102,324,2020-12-18,셀피
103,324,2020-12-18,셀스타그램
104,324,2020-12-18,셀기꾼
105,324,2020-12-18,얼스타그램
106,324,2020-12-18,흔녀
107,324,2020-12-18,훈녀
108,324,2020-12-18,selfie
109,324,2020-12-18,selca
110,324,2020-12-18,selstagram
111,324,2020-12-18,lfl
112,324,2020-12-18,fff
113,324,2020-12-18,followforfollowback
114,324,2020-12-18,likeforlikes
115,324,2020-12-18,좋반
116,324,2020-12-18,좋아요반사
117,324,2020-12-18,팔로우
118,324,2020-12-18,선팔
119,324,2020-12-18,맞팔
120,324,2020-12-18,카페
121,324,2020-12-18,카페스타그램
122,324,2020-12-18,카페추천
123,324,2020-12-18,카페투어
124,324,2020-12-18,카페맛집
125,324,2020-12-18,서울카페
126,324,2020-12-18,신사카페
127,324,2020-12-18,피르마
